-- phpMyAdmin SQL Dump
-- version 5.1.1
-- https://www.phpmyadmin.net/
--
-- Хост: 127.0.0.1
-- Час створення: Сер 21 2022 р., 12:20
-- Версія сервера: 10.4.22-MariaDB
-- Версія PHP: 8.1.2

SET SQL_MODE = "NO_AUTO_VALUE_ON_ZERO";
START TRANSACTION;
SET time_zone = "+00:00";


/*!40101 SET @OLD_CHARACTER_SET_CLIENT=@@CHARACTER_SET_CLIENT */;
/*!40101 SET @OLD_CHARACTER_SET_RESULTS=@@CHARACTER_SET_RESULTS */;
/*!40101 SET @OLD_COLLATION_CONNECTION=@@COLLATION_CONNECTION */;
/*!40101 SET NAMES utf8mb4 */;

--
-- База даних: `db_shop`
--

-- --------------------------------------------------------

--
-- Структура таблиці `tbl_admin`
--

CREATE TABLE `tbl_admin` (
  `adminId` int(11) NOT NULL,
  `adminName` varchar(255) CHARACTER SET utf8 NOT NULL,
  `adminUser` varchar(255) CHARACTER SET utf8 NOT NULL,
  `adminEmail` varchar(255) CHARACTER SET utf8 NOT NULL,
  `adminPassword` varchar(32) NOT NULL,
  `level` tinyint(4) NOT NULL
) ENGINE=InnoDB DEFAULT CHARSET=latin1;

--
-- Дамп даних таблиці `tbl_admin`
--

INSERT INTO `tbl_admin` (`adminId`, `adminName`, `adminUser`, `adminEmail`, `adminPassword`, `level`) VALUES
(1, 'Koltutskyi Yaroslav', 'admin', 'KoltutskyiYaroslav@gmail.com', '850721dea834fe36b29083291509c7ad', 0);

-- --------------------------------------------------------

--
-- Структура таблиці `tbl_brand`
--

CREATE TABLE `tbl_brand` (
  `brandId` int(11) NOT NULL,
  `brandName` varchar(255) CHARACTER SET utf8 NOT NULL
) ENGINE=InnoDB DEFAULT CHARSET=latin1;

--
-- Дамп даних таблиці `tbl_brand`
--

INSERT INTO `tbl_brand` (`brandId`, `brandName`) VALUES
(3, 'Facepunch Studios'),
(4, 'Iron Gate AB'),
(8, 'Firaxis Games'),
(9, 'BlueTwelve Studio'),
(11, 'Rockstar Games'),
(12, 'Bethesda Softworks'),
(13, 'Gearbox Software'),
(14, 'Insomniac Games'),
(15, 'Nine Rocks Games'),
(17, 'Renderise'),
(18, 'Codemasters'),
(19, 'EA Canada'),
(20, 'Visual Concepts'),
(21, 'Tiburon'),
(23, 'Redbeet Interactive'),
(24, 'Bethesda Game Studios'),
(25, 'Kinetic Games'),
(26, 'Valve'),
(27, 'Ubisoft Montreal'),
(28, 'Offworld Industries');

-- --------------------------------------------------------

--
-- Структура таблиці `tbl_cart`
--

CREATE TABLE `tbl_cart` (
  `cartId` int(11) NOT NULL,
  `sId` varchar(255) CHARACTER SET utf8 NOT NULL,
  `productId` int(11) NOT NULL,
  `productName` varchar(255) CHARACTER SET utf8 NOT NULL,
  `price` float(10,2) NOT NULL,
  `quantity` int(11) NOT NULL,
  `image` varchar(255) CHARACTER SET utf8 NOT NULL
) ENGINE=InnoDB DEFAULT CHARSET=latin1;

--
-- Дамп даних таблиці `tbl_cart`
--

INSERT INTO `tbl_cart` (`cartId`, `sId`, `productId`, `productName`, `price`, `quantity`, `image`) VALUES
(14, '8m9ghvbv08tsuc6d4ts7n70946', 21, 'Valheim', 279.00, 1, 'uploads/696d4aa818.jpg');

-- --------------------------------------------------------

--
-- Структура таблиці `tbl_category`
--

CREATE TABLE `tbl_category` (
  `catId` int(11) NOT NULL,
  `catName` varchar(255) CHARACTER SET utf8 NOT NULL
) ENGINE=InnoDB DEFAULT CHARSET=latin1;

--
-- Дамп даних таблиці `tbl_category`
--

INSERT INTO `tbl_category` (`catId`, `catName`) VALUES
(2, 'Перегони'),
(3, 'Спорт'),
(4, 'Симулятори'),
(5, 'Пригоди'),
(6, 'Виживання'),
(7, 'Жахи'),
(8, 'Стратегії'),
(9, 'Бойовики');

-- --------------------------------------------------------

--
-- Структура таблиці `tbl_compare`
--

CREATE TABLE `tbl_compare` (
  `id` int(11) NOT NULL,
  `cmrId` int(11) NOT NULL,
  `productId` int(11) NOT NULL,
  `productName` varchar(255) CHARACTER SET utf8 NOT NULL,
  `price` float(10,2) NOT NULL,
  `image` varchar(255) CHARACTER SET utf8 NOT NULL
) ENGINE=InnoDB DEFAULT CHARSET=latin1;

--
-- Дамп даних таблиці `tbl_compare`
--

INSERT INTO `tbl_compare` (`id`, `cmrId`, `productId`, `productName`, `price`, `image`) VALUES
(7, 3, 4, 'Marvel’s Spider-Man ', 1399.00, 'uploads/f1fd637f15.jpg');

-- --------------------------------------------------------

--
-- Структура таблиці `tbl_contact`
--

CREATE TABLE `tbl_contact` (
  `id` int(11) NOT NULL,
  `name` varchar(255) CHARACTER SET utf8 NOT NULL,
  `email` varchar(255) CHARACTER SET utf8 NOT NULL,
  `contact` varchar(255) CHARACTER SET utf32 NOT NULL,
  `message` text CHARACTER SET utf8 NOT NULL,
  `status` int(11) NOT NULL DEFAULT 0,
  `date` timestamp NOT NULL DEFAULT current_timestamp()
) ENGINE=InnoDB DEFAULT CHARSET=latin1;

--
-- Дамп даних таблиці `tbl_contact`
--

INSERT INTO `tbl_contact` (`id`, `name`, `email`, `contact`, `message`, `status`, `date`) VALUES
(5, 'lomaska', 'lomaska4@gmail.com', '06751564515', 'тест', 1, '2022-08-19 13:20:36'),
(8, 'lomaska', 'lomaska46@gmail.com', '06751564515', 'test', 0, '2022-08-20 19:25:59');

-- --------------------------------------------------------

--
-- Структура таблиці `tbl_customer`
--

CREATE TABLE `tbl_customer` (
  `id` int(11) NOT NULL,
  `name` varchar(255) CHARACTER SET utf8 NOT NULL,
  `address` text CHARACTER SET utf8 NOT NULL,
  `city` varchar(30) CHARACTER SET utf8 NOT NULL,
  `country` varchar(30) CHARACTER SET utf8 NOT NULL,
  `zip` varchar(30) CHARACTER SET utf8 NOT NULL,
  `phone` varchar(30) CHARACTER SET utf8 NOT NULL,
  `email` varchar(255) CHARACTER SET utf8 NOT NULL,
  `pass` varchar(32) NOT NULL
) ENGINE=InnoDB DEFAULT CHARSET=latin1;

--
-- Дамп даних таблиці `tbl_customer`
--

INSERT INTO `tbl_customer` (`id`, `name`, `address`, `city`, `country`, `zip`, `phone`, `email`, `pass`) VALUES
(2, 'lomaska', 'Nezalegnosti', 'Hysiatun', 'Ukraine', '48201', '1566546465', 'lomaska46@gmail.com', '202cb962ac59075b964b07152d234b70');

-- --------------------------------------------------------

--
-- Структура таблиці `tbl_order`
--

CREATE TABLE `tbl_order` (
  `id` int(11) NOT NULL,
  `cmrId` int(11) NOT NULL,
  `productId` int(11) NOT NULL,
  `productName` varchar(255) CHARACTER SET utf8 NOT NULL,
  `quantity` int(11) NOT NULL,
  `price` float(10,2) NOT NULL,
  `image` varchar(255) CHARACTER SET utf8 NOT NULL,
  `date` datetime NOT NULL DEFAULT current_timestamp(),
  `status` int(11) NOT NULL DEFAULT 0
) ENGINE=InnoDB DEFAULT CHARSET=latin1;

-- --------------------------------------------------------

--
-- Структура таблиці `tbl_product`
--

CREATE TABLE `tbl_product` (
  `productId` int(11) NOT NULL,
  `productName` varchar(255) CHARACTER SET utf8 NOT NULL,
  `catId` int(11) NOT NULL,
  `brandId` int(11) NOT NULL,
  `body` text CHARACTER SET utf8 NOT NULL,
  `price` float(10,2) NOT NULL,
  `image` varchar(255) CHARACTER SET utf8 NOT NULL,
  `type` tinyint(4) NOT NULL DEFAULT 0
) ENGINE=InnoDB DEFAULT CHARSET=latin1;

--
-- Дамп даних таблиці `tbl_product`
--

INSERT INTO `tbl_product` (`productId`, `productName`, `catId`, `brandId`, `body`, `price`, `image`, `type`) VALUES
(1, 'Way of the Hunter', 5, 15, '<p><span>Цей мисливський симулятор дає змогу мандрувати та полювати на широких відкритих просторах США та Європи. Спостерігайте за перенесеними у гру з життя тваринами у красивих природних середовищах й опановуйте реалістичну зброю, відтворену до найменших дрібниць.</span><br /><br /><br /><span>Way of the Hunter &ndash; це ваші цільні й захопливі відчуття посеред приголомшливої пригоди, в якій тварини ведуть себе так, як у реальному житті. Станьте свідком змін у складній екосистемі, що реагує й адаптується під ваші дії. Дізнайтеся, що таке бути справжнім мисливцем, та випробуйте свої вміння.</span></p>', 499.00, 'uploads/1b012ef2f3.jpg', 1),
(4, 'Marvel’s Spider-Man ', 9, 14, '<p><span>Marvel\'s Spider-Man Remastered для ПК, розроблена студією Insomniac Games у співпраці з Marvel та оптимізована для ПК студією Nixxes Software, дозволяє зіграти за досвідченого Пітера Паркера, який бореться з великою злочинністю та легендарними лиходіями у Нью-Йорку світу Marvel. Він постійно балансує на межі, одночасно намагаючись упорядкувати особисте життя, побудувати кар\'єру та захистити жителів Нью-Йорка, чиї долі залежать від його рішень.</span><br /><br /><span>Ключові особливості</span><br /><br /><span>Будь крутіше</span><br /><span>Мири Пітера Паркера та Людини-павука зливаються воєдино, коли над Нью-Йорком світу Marvel нависає чергова небезпека в особі легендарних лиходіїв Marvel. Щоб врятувати місто і тих, кого він любить, Людина-павук має стати ще краще.</span><br /><br /><span>Відчуйте себе Людиною-павуком</span><br /><span>Пітер Паркер &ndash; досвідчений Людина-павук, що ось уже понад вісім років бореться зі злочинцями. Відчуйте всю його міць під час непередбачуваних битв, шалених акробатичних трюків, польотів містом на павутині та взаємодії з навколишнім середовищем.</span><br /><br /><span>Мири зіткнулися</span><br /><span>У цій оригінальній та захопливій історії зійдуться світи Пітера Паркера та Людини-павука. На вас чекає новий всесвіт Людини-павука, де ви побачите добре знайомих персонажів, що оточують Пітера та Людину-павука, з абсолютно нового боку.</span><br /><br /><span>Нью-Йорк світу Marvel &ndash; ваш ігровий майданчик</span><br /><span>Велике Яблуко оживає у Marvel\'s Spider-Man Remastered. Вільно літайте на павутині по жвавих районах і насолоджуйтесь розкішними видами пам\'яток Манхеттена світу Marvel. Використовуйте оточення, щоб перемагати лиходіїв під час епічних сутичок, гідних кращого кіноблокбастера.</span><br /><br /><span>Продовжіть свої пригоди завдяки доповненню The City That Never Sleeps</span><br /><span>Після подій основного сюжету гри Marvel\'s Spider-Man Remastered продовжіть пригоду Пітера Паркера в додатку Marvel&rsquo;s Spider-Man: The City That Never Sleeps, яке включає три сюжетні розділи з додатковими завданнями та випробуваннями.</span></p>', 1399.00, 'uploads/f1fd637f15.jpg', 0),
(11, 'Borderlands 3', 9, 13, '<p>Повертається оригінальний шутер-мародер із безліччю зброї та абсолютно новою пригодою, що підживлюється хаосом! Проривайтеся крізь нові світи та ворогів як один із чотирьох абсолютно нових мисливців за сховищами &ndash; справжніх шукачів скарбів у Прикордонних країнах, кожен із яких має глибокі дерева навичок, здібності та налаштування. Грайте поодинці або приєднайтеся до друзів, щоб протистояти божевільним ворогам, здобувати купу здобичі та рятувати свій дім від найжорстокіших лідерів культів у галактиці.<br />ЗАХУЮЧА ПОЇЗДКА, ЩО ПІДЖИВУЄТЬСЯ КРАСУ<br />Зупиніть фанатичних Близнюків Каліпсо від об&rsquo;єднання бандитських кланів і заволодіння галактикою. Лише у вас, шукача гострих відчуттів мисливця за сховищами, є арсенал і союзники, щоб знищити їх.</p>', 212.00, 'uploads/3c89bc657b.jpg', 1),
(15, 'Sid Meier’s Civilization® VI', 8, 8, '<p>Civilization VI пропонує нові способи взаємодії з вашим світом: тепер міста фізично розширюються по всій карті, активні дослідження в галузі технологій і культури розкривають новий потенціал, а конкурентні лідери будуть переслідувати власні плани денні на основі своїх історичних рис, поки ви змагаєтесь одним із п&rsquo;яти шляхів. досягти перемоги в грі.</p>', 525.00, 'uploads/65955b0abe.jpg', 0),
(16, ' THE ELDER SCROLLS V: SKYRIM', 5, 12, '<p>Переможець понад 200 нагород &laquo;Гра року&raquo;, Skyrim Special Edition оживляє епічне фентезі з приголомшливими деталями. Спеціальне видання включає визнану критиками гру та доповнення з абсолютно новими функціями, як-от оновлені зображення та ефекти, об&rsquo;ємні божественні промені, динамічна глибина різкості, відображення екранного простору тощо. Skyrim Special Edition також забезпечує повну потужність модів для ПК і консолей. Нові квести, середовища, персонажі, діалоги, броня, зброя та багато іншого &ndash; з модами немає обмежень у тому, що ви можете відчути.</p>', 323.00, 'uploads/d501935ed6.jpg', 0),
(17, 'GRAND THEFT AUTO V', 9, 11, '<p>Grand Theft Auto V: Premium Edition включає повну історію Grand Theft Auto V, безкоштовний доступ до Grand Theft Auto Online, що постійно розвивається, і всі існуючі оновлення ігрового процесу та вміст, включаючи The Cayo Perico Heist, The Diamond Casino &amp; Resort, The Diamond Casino. Пограбування, зброя та багато іншого. Ви також отримаєте стартовий пакет Criminal Enterprise &mdash; найшвидший спосіб розпочати свою кримінальну імперію в Grand Theft Auto Online.</p>\r\n<p>GRAND THEFT AUTO V<br />Коли молодий вуличний аферист, грабіжник банку на пенсії та жахливий психопат потрапляють у біду, вони повинні здійснити серію небезпечних крадіжок, щоб вижити в місті, в якому вони не можуть довіряти нікому, а тим більше один одному.</p>\r\n<p>GRAND THEFT AUTO ОНЛАЙН<br />Відкрийте для себе світ вибору та способів гри, що постійно розвивається, підіймаючись до кримінальних лав Лос-Сантоса та округу Блейн у неперевершеному спільному Інтернеті.</p>\r\n<p>СТАРТОВИЙ ПАКЕТ ЗЛОЧИННОГО ПІДПРИЄМСТВА<br />Пакет Criminal Enterprise Starter Pack &mdash; це найшвидший спосіб для нових гравців GTA Online розпочати свою злочинну імперію з найцікавішим і популярним вмістом, а також бонусом у розмірі 1 000 000 доларів США, який можна витратити в GTA Online &mdash; увесь вміст, вартість якого перевищує 10 000 000 доларів GTA, якщо його придбати окремо.</p>\r\n<p>ЗАПУСК СВОЄЇ ЗЛОЧИННОЇ ІМПЕРІЇ<br />Започатковуйте комерційні підприємства у своєму виконавчому офісі Maze Bank West, досліджуйте потужну збройову технологію у своєму підземному бункері Gunrunning Bunker і використовуйте свою фабрику фальшивих грошей, щоб розпочати прибуткову операцію з підробок.</p>\r\n<p>ФЛОТ ПОТУЖНИХ АВТОМОБІЛІВ<br />Мандруйте вулицями за допомогою 10 високопродуктивних транспортних засобів, включаючи суперкар, мотоцикли, Dune FAV зі зброєю, вертоліт, ралійний автомобіль тощо. Ви також отримаєте власність, зокрема гараж на 10 автомобілів для зберігання вашого зростаючого автопарку.</p>\r\n<p>ЗБРОЯ, ОДЯГ І ТАТУЮВАННЯ<br />Ви також отримаєте доступ до малогабаритного гранатомета, стрілецької гвинтівки та компактної гвинтівки, а також костюмів для трюків, байкерських татуювань тощо.</p>', 502.00, 'uploads/e321d5c1ce.jpg', 0),
(18, 'Rust', 6, 3, '<p><span>Єдиною метою в Rust є - вижити.</span><br /><br /><span>Щоб зробити це, вам доведеться подолати такі негаразди, як голод, спрага та холод. Розпаліть вогонь. Побудуйте сховище. Вбивайте звірів заради м\'яса. Захищайте себе від інших гравців та вбивайте їх заради м\'яса. Створюйте команди з іншими гравцями та формуйте місто.</span><br /><span>Робіть що завгодно, щоб вижити.</span></p>', 632.00, 'uploads/4a7b88a8aa.jpg', 1),
(20, 'Stray', 5, 9, '<p>Загублений, самотній і розлучений з родиною бродячий кіт повинен розгадати давню таємницю, щоб втекти з давно забутого міста.</p>\r\n<p>Stray &mdash; це котяча пригодницька гра від третьої особи, яка розгортається серед деталізованих освітлених неоном вулиць занепадаючого кіберміста та похмурого середовища його занедбаного підчерев&rsquo;я. Блукайте навколо, захищайтеся від непередбачених загроз і розгадуйте таємниці цього непривітного місця, населеного цікавими дроїдами та небезпечними істотами.</p>\r\n<p>Подивіться на світ очима кота та взаємодійте з навколишнім середовищем у ігровій формі. Будьте непомітними, спритними, дурними, а іноді якомога більше дратуйте дивних мешканців цього таємничого світу.</p>\r\n<p>По дорозі кіт подружився з маленьким літаючим безпілотником, відомим лише як B-12. За допомогою цього новознайденого напарника дует повинен знайти вихід.</p>\r\n<p>Stray розроблено BlueTwelve Studio, невеликою командою з півдня Франції, яка складається переважно з котів і кількох людей.</p>', 399.00, 'uploads/005b5ca742.jpg', 1),
(21, 'Valheim', 6, 4, '<p><span>Ви загинули на полі бою, та валькірії перенесли вашу душу до Вальгайму &mdash; десятого скандинавського світу. Ви стаєте новим хранителем цього довічного чистилища й маєте виконати наказ Одіна &mdash; знищити його древніх ворогів і принести у Вальгайм порядок, де зараз панує хаос і смута.</span><br /><br /><span>Випробування ваше розпочинається серед порівняного мирного центру Вальгайму, але слава й благословення богів отримують лише ті, хто серцем хоробрий. Вирушайте в чорнолісся та підійматеся в засніжені гори, досліджуйте місцевості й збирайте цінну сировину, виготовляйте смертоносну зброю й непробивні обладунки, будуйте фортеці й застави. Збудуйте собі могутній корабель і пливіть досліджувати екзотичні землі&hellip; але не запливайте далеко&hellip;</span></p>\r\n<p><strong>Ключові особливості:</strong></p>\r\n<ul class=\"bb_ul\">\r\n<li><strong>Великий процедурно-генерований світ.</strong>&nbsp;Досліджуйте незаселені загадкові землі, як-от таємничий ліс чи засніжені гори, мирні левади й отруйні трясовини. Бийтеся з міфологічними істотами й полюйте на дику природу.</li>\r\n<li><strong>Спільна гра (2-10 гравців).</strong>&nbsp;Valheim підтримує і самітників, і тих, хто бажає досліджувати його світ разом із друзями. Створюйте власні сервери й запрошуйте таких самих відчайдухів. Ми рекомендуємо грати в групах 3-5 граців.</li>\r\n<li><strong>Боївка.</strong>&nbsp;Гра має не лише велике розмаїття зброї, а розвинену систему ухилення та блокування.</li>\r\n<li><strong>Кораблі.</strong>&nbsp;будуйте плоти, карви, лодії та вирушайте на пошуки нових земель.<br />Прикликайте й долайте лютих древніх істот із міфів і легенд та збирайте трофеї, щоб отримати їхню силу, а також доступ до потужнішого знаряддя.</li>\r\n<li><strong>Гнучка система будівництва.</strong>&nbsp;Будуйте медоварні, ферми, поселення, замки &mdash; усе, що забажаєте.</li>\r\n<li><strong>Інтуїтивне ремеслярство.</strong>&nbsp;Виготовляйте зброю й обладунки, готуйте їжу й варіть мед.</li>\r\n<li><strong>Виділені сервери.</strong>&nbsp;Якщо ви не хочете тримати сервер на власному ПК, можете арендувати його на G-Portal.</li>\r\n</ul>\r\n<p><br /><strong>Переклади від спільноти</strong><br /><span>Окрім офіційно підтримуваних мов, Valheim також перекладено на різні мови силами спільноти. Ми не гарантуємо якість чи повноту цих перекладів.</span></p>', 279.00, 'uploads/696d4aa818.jpg', 1),
(22, 'Ghost Watchers', 7, 17, '<p><span>У багатьох занедбаних будинках живуть привиди. Це можуть бути душі самогубців чи демони. Це може бути дух вампіра, що повільно висмоктує кров з кожного, хто виявиться поряд</span></p>\r\n<p><br /><strong>ПЕРЕВАГИ</strong><br /><br /></p>\r\n<ul class=\"bb_ul\">\r\n<li>8 видів унікальних привидів &mdash; душі людей та дивних істот, а також кілька видів демонів!</li>\r\n<li>Понад 20 видів деталізованих інструментів зі збору доказів та боротьби з привидами!</li>\r\n<li>Можна визначати вид привиду, його вік та настрій</li>\r\n<li>Привида можна не тільки вивчати, а й ловити!</li>\r\n</ul>', 99.00, 'uploads/1da8f1f6d8.jpg', 1),
(23, 'F1® 22', 2, 18, '<p>Увійдіть у нову еру Формули 1&reg; в EA SPORTS&trade; F1&reg; 22, офіційній відеогрі Чемпіонату світу FIA Formula One World Championship&trade; 2022. Займіть своє місце в новому сезоні, оскільки оновлені автомобілі та оновлені правила переосмислюють день гонки, перевірте свої навички на новому Міжнародному автодромі Майамі та відчуйте смак блиску та гламуру в F1&reg; Life.</p>\r\n<p>Беріть участь у перегонах на приголомшливих нових автомобілях сезону Формули 1&reg; 2022 з автентичним складом усіх 20 пілотів і 10 команд і керуйте своїми враженнями від перегонів за допомогою нових захоплюючих або транслюваних перегонів. Створіть команду та виведіть її на перше місце з новою глибиною у відомому режимі кар&rsquo;єри &laquo;Моя команда&raquo;, змагайтеся один до одного в розділеному екрані або в багатокористувацькій грі або змінюйте темп, беручи суперкари від відомих імен спорту. на трасу в нашій абсолютно новій функції Pirelli Hot Laps.</p>', 1499.00, 'uploads/5cc895dc7f.jpg', 1),
(24, 'FIFA 23', 3, 19, '<p><span>У EA SPORTS&trade; FIFA 23 всесвітня гра стає ще кращою &mdash; технологія HyperMotion2 забезпечує ще більшу реалістичність ігрового процесу, після виходу в грі у вигляді оновлень з\'являться як чоловічий, так і жіночий FIFA World Cup&trade;, додані жіночі команди, міжплатформова гра* та багато іншого. Оцініть неперевершену реалістичність &mdash; у FIFA 23 більш ніж 19&nbsp;000 гравців, 700+ команд, 100 стадіонів і понад 30 ліг.</span><br /><br /><strong>Технологія HyperMotion2</strong><br /><br /><span>Powered by Football&trade; EA SPORTS&trade; FIFA 23 вперше демонструє HyperMotion на ПК та включає в два рази більше записаних і відтворених рухів справжніх гравців, що робить ігровий процес ще більш реалістичним. HyperMotion2 відкриває нові функції та переносить до FIFA 23 понад 6 000 точно відтворених анімацій, взятих із мільйонів кадрів передового запису матчів 11v11. Результат ще більше наближає FIFA 23 як до чоловічого, так і до жіночого футболу за допомогою абсолютно нової системи дриблінгу, нової механіки прискорення тощо, завдяки чому гравці природно пересуваються по всьому полю.</span></p>', 1699.00, 'uploads/653b34a62e.jpg', 1),
(25, 'NBA 2K23', 3, 20, '<p><span>Прийміть виклик і станьте справжньою зіркою баскетболу з NBA 2K23. Доведіть свої здібності в матчах проти найкращих гравців світу і продемонструйте свій талант у MyCAREER. Об\'єднайте в команду сучасних зірок і безсмертних легенд у MyTEAM. Створіть команду-династію в MyGM або ж змініть лігу на краще в MyLEAGUE. Візьміться за команди NBA чи WNBA у PLAY NOW і відчуйте, як гра оживає. Тож як ви приймете цей виклик?</span><br /><br /><span>ЩЕ БІЛЬШЕ КОНТРОЛЮ</span><br /><span>Відчуйте, як удосконалилось управління гравцями в NBA 2K23. Спробуйте арсенал нових атакувальних рухів, що залежатимуть від вашої майстерності, чи доведіть свій титул найкращого захисника за допомогою нових механік, від яких ваш опонент остаточно розгубиться.</span><br /><br /><span>ЕПІЧНА ПОДОРОЖ</span><br /><span>Вирушайте в шалену баскетбольну подорож на борту просторого круїзного судна, яке приємно здивує вас та вашого гравця MyPLAYER новенькими майданчиками, мальовничими краєвидами та морем винагород. А під час зупинок ви зможете вийти на берег і дослідити ще більше локацій.</span></p>', 1249.00, 'uploads/13f2f5a1b7.jpg', 1),
(26, 'Madden NFL 23', 4, 21, '<p>Відкрийте свій шлях до підручників історії в Madden NFL 23.</p>\r\n<p>Контролюйте свій вплив кожного рішення цілком по-новому. Зробіть все можливим у Franchise за допомогою оновлень вільної агентської та торговельної логіки, прокладіть свій шлях до підручників історії Face of the Franchise: The League і зберіть найпотужніший склад у всій Madden Ultimate Team&trade;.</p>\r\n<p>Обличчя франшизи: Ліга<br />Ліга запрошує вас у ваш п&rsquo;ятий сезон НФЛ на будь-якій позиції (QB, WR, RB, CB, MLB), і ви шукаєте новий старт у новій команді. Укладіть 1-річний контракт &laquo;довести це&raquo; з однією з 32 команд НФЛ і продемонструйте чудову продуктивність на полі, щоб отримати нагороди та підвищити рівень. Додавання New Drive Goals і Drive Summary дає змогу налаштовувати ваш досвід протягом гри та отримувати відгуки та винагороди залежно від того, наскільки добре ви граєте. Підвищуйте продуктивність завдяки щотижневим заняттям і тренуванням між іграми, тоді як коригувальник Madden Ratings Чед Джонсон керуватиме вашою кар&rsquo;єрою, надаючи оновлення рейтингів, поки ви прагнете досягти найвищого рівня престижу на своєму шляху до 99. Чи стане ваша кар&rsquo;єра в НФЛ одним із найвидатніших гравців усіх часів ? Тобі вирішувати.</p>', 1499.00, 'uploads/adb3d02c22.jpg', 1),
(28, 'Raft', 6, 23, '<p>Самому або з друзями ваша місія &mdash; пережити епічну океанську пригоду<br />небезпечне море! Збирайте сміття, щоб вижити, розширюйте свій пліт і пливіть до забутих і небезпечних островів!</p>\r\n<p><br />Потрапивши в пастку на невеликому плоту, де немає нічого, крім гачка зі старого пластику, гравці прокидаються на величезній,<br />блакитний океан абсолютно самотній і без землі! З сухим горлом і порожнім шлунком,<br />вижити буде нелегко!</p>\r\n<p>Пліт кидає вас і ваших друзів у епічну пригоду у великому відкритому морі з<br />Мета залишитися в живих, збирати ресурси та будувати гідний плавучий дім<br />виживання.</p>\r\n<p>Ресурси важко знайти в морі: гравцям доведеться вловити будь-яке сміття, яке плаває, використовуючи свій надійний гачок, і, коли це можливо, чистити рифи під хвилями та острови над ними.<br />Однак спрага та голод - це не єдина небезпека в океані... стережіться людини-<br />їдять акулу, налаштовані завершити свою подорож!</p>\r\n<p>Знайдіть останні частини цивілізації, які все ще над водою. Подолайте випробування, що виникають у ньому, розкрийте історію його попередніх мешканців і знайдіть шлях до наступного пункту призначення!</p>', 279.00, 'uploads/a856f524ce.jpg', 1),
(29, 'Fallout 4', 5, 24, '<p>Bethesda Game Studios, відзначені нагородами творці Fallout 3 і The Elder Scrolls V: Skyrim, вітають вас у світі Fallout 4 &ndash; їхньої найамбітнішої гри в історії та наступного покоління ігор з відкритим світом.</p>\r\n<p>Як єдиний, хто вижив зі Сховища 111, ви потрапляєте у світ, зруйнований ядерною війною. Кожна секунда - це боротьба за виживання, і кожен вибір за вами. Тільки ви можете відбудувати і визначити долю Пустки. Ласкаво просимо до дому.</p>', 139.00, 'uploads/dfca21a1f4.jpg', 1),
(30, 'Phasmophobia', 7, 25, '<p>Phasmophobia &mdash; це кооперативний психологічний хоррор для 4 гравців, у якому ви та члени вашої команди дослідників паранормальних явищ заходите в місця з привидами, повні паранормальних явищ, і збираєте якомога більше доказів паранормальних явищ. Ви будете використовувати своє обладнання для полювання на привидів, щоб шукати та записувати докази будь-якого привида, який переслідує це місце, щоб продати команді з видалення привидів.</p>\r\n<p>Ви можете підтримати свою команду, спостерігаючи за місцем розташування за допомогою камер відеоспостереження та датчиків руху з безпеки вантажівки або зайти всередину та забруднити руки примарною діяльністю, яка з часом ставатиме все більш ворожою.</p>', 219.00, 'uploads/25cbc37b2a.jpg', 1),
(32, 'Tom Clancy\'s Rainbow Six® Siege', 9, 27, '<p>Опануйте мистецтво руйнування та технічних засобів у Tom Clancy&rsquo;s Rainbow Six Siege. Стикайтеся з напруженими ближніми бійками, високою смертоносністю, прийняттям тактичних рішень, командною грою та вибуховими діями щомиті. Відчуйте нову еру запеклих перестрілок і експертної стратегії, яка народилася на багатій спадщині минулих ігор Tom Clancy\'s Rainbow Six.</p>', 299.00, 'uploads/9220e6e752.jpg', 1),
(33, 'Squad', 9, 28, '<p>У новому безкоштовному оновленні Amphibious Assault машини-амфібії, представлені разом із фракцією морських сил, відкривають цілий новий набір оборонних і наступальних тактик і стратегій для ветеранських ігор Squad. Ця довгоочікувана нова фракція приносить шанувальникам Squad п&rsquo;ять нових видів зброї та сім транспортних засобів.</p>\r\n<p>Найновіша карта Squad, Чорне узбережжя, містить основну базу авіаносця та акцентує увагу на новій механіці амфібії. П&rsquo;ять існуючих карт було оновлено для використання нової механіки амфібії, завдяки якій раніше непрохідну місцевість, включаючи річки, озера та океан, тепер можна перетнути за допомогою транспортних засобів-амфібій фракцій, дозволяючи охоплювати критичні місця на карті.</p>\r\n<p>Разом із новою фракцією морських сил і новою картою з&rsquo;являється нова музика головного меню, дві нові машини для фракції збройних сил Канади та багато іншого!</p>', 579.00, 'uploads/cc2635edb8.jpg', 1),
(34, 'Left 4 Dead 2', 9, 26, '<p><span>Left 4 Dead 2 (L4D2) &mdash; це довгоочікуване зомбопокаліптичне продовження кооперативної стрілянки №1.</span><br /><span>У цьому бойовику жахів від першої особи ви разом із друзями проходите п&rsquo;ять великих кампаній містами, болотами та кладовищами &mdash; від Саванни до Нового Орлеану.</span><br /><span>Ви гратимете за одного з чотирьох уцілілих, озброєного широким і руйнівним арсеналом класичної й поліпшеної зброї. В нагоді зігнати свою злість на інфікованих стане не лише вогнепальна зброя, а й різні рукопашні знаряддя для різанини &mdash; від бензопил і сокир до смертельних сковорідок.</span><br /><span>Цю зброю ви зможете випробувати на трьох жахливих і грізних нових особливих інфікованих (або зіграти за них у протистоянні). Окрім того, ви зустрінете п&rsquo;ятьох нових звичайних інфікованих, таких як страшні болотяники.</span><br /><span>Щоби зробити динаміку L4D ще несамовитішою й заповнити ігролад дією, ми поліпшили штучний інтелект до версії 2.0. Цей поліпшений штучний інтелект тепер може процедурно змінювати погоду під час сутичок і ваш шлях, а також коригувати відповідно до вашого стилю гри кількість ворогів, ефекти й звуки. L4D2 обіцяє задовольнити найвибагливіших до випробувань гравців, підлаштовуючи кожну ігрову сесію під ваш стиль гри.</span></p>', 279.00, 'uploads/1f74d777e2.jpg', 1);

-- --------------------------------------------------------

--
-- Структура таблиці `tbl_wlist`
--

CREATE TABLE `tbl_wlist` (
  `id` int(11) NOT NULL,
  `cmrId` int(11) NOT NULL,
  `productId` int(11) NOT NULL,
  `productName` varchar(255) CHARACTER SET utf8 NOT NULL,
  `price` float(10,2) NOT NULL,
  `image` varchar(255) CHARACTER SET utf8 NOT NULL
) ENGINE=InnoDB DEFAULT CHARSET=latin1;

--
-- Дамп даних таблиці `tbl_wlist`
--

INSERT INTO `tbl_wlist` (`id`, `cmrId`, `productId`, `productName`, `price`, `image`) VALUES
(14, 2, 16, ' THE ELDER SCROLLS V: SKYRIM', 323.00, 'uploads/d501935ed6.jpg');

--
-- Індекси збережених таблиць
--

--
-- Індекси таблиці `tbl_admin`
--
ALTER TABLE `tbl_admin`
  ADD PRIMARY KEY (`adminId`);

--
-- Індекси таблиці `tbl_brand`
--
ALTER TABLE `tbl_brand`
  ADD PRIMARY KEY (`brandId`);

--
-- Індекси таблиці `tbl_cart`
--
ALTER TABLE `tbl_cart`
  ADD PRIMARY KEY (`cartId`);

--
-- Індекси таблиці `tbl_category`
--
ALTER TABLE `tbl_category`
  ADD PRIMARY KEY (`catId`);

--
-- Індекси таблиці `tbl_compare`
--
ALTER TABLE `tbl_compare`
  ADD PRIMARY KEY (`id`);

--
-- Індекси таблиці `tbl_contact`
--
ALTER TABLE `tbl_contact`
  ADD PRIMARY KEY (`id`);

--
-- Індекси таблиці `tbl_customer`
--
ALTER TABLE `tbl_customer`
  ADD PRIMARY KEY (`id`);

--
-- Індекси таблиці `tbl_order`
--
ALTER TABLE `tbl_order`
  ADD PRIMARY KEY (`id`);

--
-- Індекси таблиці `tbl_product`
--
ALTER TABLE `tbl_product`
  ADD PRIMARY KEY (`productId`);

--
-- Індекси таблиці `tbl_wlist`
--
ALTER TABLE `tbl_wlist`
  ADD PRIMARY KEY (`id`);

--
-- AUTO_INCREMENT для збережених таблиць
--

--
-- AUTO_INCREMENT для таблиці `tbl_admin`
--
ALTER TABLE `tbl_admin`
  MODIFY `adminId` int(11) NOT NULL AUTO_INCREMENT, AUTO_INCREMENT=3;

--
-- AUTO_INCREMENT для таблиці `tbl_brand`
--
ALTER TABLE `tbl_brand`
  MODIFY `brandId` int(11) NOT NULL AUTO_INCREMENT, AUTO_INCREMENT=29;

--
-- AUTO_INCREMENT для таблиці `tbl_cart`
--
ALTER TABLE `tbl_cart`
  MODIFY `cartId` int(11) NOT NULL AUTO_INCREMENT, AUTO_INCREMENT=16;

--
-- AUTO_INCREMENT для таблиці `tbl_category`
--
ALTER TABLE `tbl_category`
  MODIFY `catId` int(11) NOT NULL AUTO_INCREMENT, AUTO_INCREMENT=12;

--
-- AUTO_INCREMENT для таблиці `tbl_compare`
--
ALTER TABLE `tbl_compare`
  MODIFY `id` int(11) NOT NULL AUTO_INCREMENT, AUTO_INCREMENT=9;

--
-- AUTO_INCREMENT для таблиці `tbl_contact`
--
ALTER TABLE `tbl_contact`
  MODIFY `id` int(11) NOT NULL AUTO_INCREMENT, AUTO_INCREMENT=9;

--
-- AUTO_INCREMENT для таблиці `tbl_customer`
--
ALTER TABLE `tbl_customer`
  MODIFY `id` int(11) NOT NULL AUTO_INCREMENT, AUTO_INCREMENT=4;

--
-- AUTO_INCREMENT для таблиці `tbl_order`
--
ALTER TABLE `tbl_order`
  MODIFY `id` int(11) NOT NULL AUTO_INCREMENT, AUTO_INCREMENT=42;

--
-- AUTO_INCREMENT для таблиці `tbl_product`
--
ALTER TABLE `tbl_product`
  MODIFY `productId` int(11) NOT NULL AUTO_INCREMENT, AUTO_INCREMENT=35;

--
-- AUTO_INCREMENT для таблиці `tbl_wlist`
--
ALTER TABLE `tbl_wlist`
  MODIFY `id` int(11) NOT NULL AUTO_INCREMENT, AUTO_INCREMENT=15;
COMMIT;

/*!40101 SET CHARACTER_SET_CLIENT=@OLD_CHARACTER_SET_CLIENT */;
/*!40101 SET CHARACTER_SET_RESULTS=@OLD_CHARACTER_SET_RESULTS */;
/*!40101 SET COLLATION_CONNECTION=@OLD_COLLATION_CONNECTION */;
